<?xml version="1.0" encoding="UTF-8"?>
<faces-config
    xmlns="http://xmlns.jcp.org/xml/ns/javaee"
    xmlns:xsi="http://www.w3.org/2001/XMLSchema-instance"
    xsi:schemaLocation="http://xmlns.jcp.org/xml/ns/javaee http://xmlns.jcp.org/xml/ns/javaee/web-facesconfig_2_2.xsd"
    version="2.2">
	<managed-bean>
		<managed-bean-name>controllerLogin</managed-bean-name>
		<managed-bean-class>jsf.ControllerLogin</managed-bean-class>
		<managed-bean-scope>session</managed-bean-scope>
	</managed-bean>
	


	<navigation-rule>
    <from-view-id>/medical.xhtml</from-view-id>  <!-- pagina iniziale -->
    <navigation-case>
        <from-outcome>login</from-outcome>         <!-- Comando di cambio -->
        <to-view-id>/file.xhtml</to-view-id>        <!-- pagina Arrivo -->
    </navigation-case>
</navigation-rule>



</faces-config>
